﻿{
  "articles": [
    {
      "id": 1,
      "category": "МАССАЖ",
      "subcategory": "ТЕЙПИРОВАНИЕ",
      "title": "Основы тейпирования при болях в спине",
      "description": "Как правильно накладывать кинезио тейпы для снятия напряжения в поясничном отделе.",
      "content": "Полное руководство по тейпированию...",
      "image": "👐",
      "readTime": "5 мин",
      "tags": [ "спина", "тейп", "боль" ],
      "favorite": false,
      "read": false
    },
    {
      "id": 2,
      "category": "МАССАЖ",
      "subcategory": "УСТРАНЕНИЕ БОЛИ",
      "title": "Самомассаж шеи за 10 минут",
      "description": "Простая техника для снятия напряжения после рабочего дня.",
      "content": "Техника выполнения...",
      "image": "💆",
      "readTime": "7 мин",
      "tags": [ "шея", "офис", "расслабление" ],
      "favorite": false,
      "read": false
    },
    {
      "id": 3,
      "category": "МАССАЖ",
      "subcategory": "ГРАНИЦЫ И СИЛА",
      "title": "Как чувствовать границы своего тела",
      "description": "Упражнения на осознанность для понимания сигналов организма.",
      "content": "Практики осознанности...",
      "image": "🧘",
      "readTime": "10 мин",
      "tags": [ "осознанность", "психология", "тело" ],
      "favorite": false,
      "read": false
    },
    {
      "id": 4,
      "category": "МАССАЖ",
      "subcategory": "СОВЕТЫ ПСИХОЛОГА",
      "title": "Связь эмоций и мышечных зажимов",
      "description": "Как стресс проявляется в теле и что с этим делать.",
      "content": "Психосоматические связи...",
      "image": "💭",
      "readTime": "12 мин",
      "tags": [ "стресс", "эмоции", "зажимы" ],
      "favorite": false,
      "read": false
    },
    {
      "id": 5,
      "category": "ФИТНЕС-ГАЛЕРЕЯ",
      "subcategory": "ВОПРОС-ОТВЕТ",
      "title": "Как начать тренироваться после травмы?",
      "description": "Пошаговый план возвращения к физической активности.",
      "content": "Безопасные упражнения...",
      "image": "🏃",
      "readTime": "8 мин",
      "tags": [ "реабилитация", "тренировки", "безопасность" ],
      "favorite": false,
      "read": false
    },
    {
      "id": 6,
      "category": "ФИТНЕС-ГАЛЕРЕЯ",
      "subcategory": "ЭТО ИНТЕРЕСНО",
      "title": "Наука о движении: почему ходьба лечит",
      "description": "Исследования о пользе обычной ходьбы для позвоночника и суставов.",
      "content": "Научные данные...",
      "image": "🚶",
      "readTime": "6 мин",
      "tags": [ "ходьба", "наука", "здоровье" ],
      "favorite": false,
      "read": false
    },
    {
      "id": 7,
      "category": "МАССАЖ",
      "subcategory": "УСТРАНЕНИЕ БОЛИ",
      "title": "Точки акупрессуры при головной боли",
      "description": "Массирование определенных точек для быстрого облегчения.",
      "content": "Расположение точек...",
      "image": "📍",
      "readTime": "4 мин",
      "tags": [ "голова", "акупрессура", "скорая помощь" ],
      "favorite": false,
      "read": false
    },
    {
      "id": 8,
      "category": "ФИТНЕС-ГАЛЕРЕЯ",
      "subcategory": "ВОПРОС-ОТВЕТ",
      "title": "Сколько раз в неделю нужно заниматься?",
      "description": "Оптимальная частота тренировок для разных целей.",
      "content": "Рекомендации по частоте...",
      "image": "📅",
      "readTime": "5 мин",
      "tags": [ "частота", "планирование", "результаты" ],
      "favorite": false,
      "read": false
    }
  ]
}